mean_pixel,std_pixel,min_pixel,max_pixel,aspect_ratio,edge_density,label
91.720987654321,78.88474905577402,0,196,0.9,119.29789864029667,0
199.546522131888,64.53187943578111,55,255,0.6585365853658537,120.12929475587704,0
151.6341463414634,81.428455356256,7,235,0.6585365853658537,128.46473779385173,0
125.08494208494209,93.54800001110513,0,236,0.7567567567567568,123.17391304347827,0
177.69606003752347,26.097621671274155,115,203,0.6341463414634146,115.85539906103287,0
130.87188940092165,101.99628254103447,6,255,0.8857142857142857,119.49723247232473,0
131.76797385620915,90.92368881558723,0,236,0.7941176470588235,122.83860414394765,0
120.40098522167487,83.80003056193982,8,221,0.8285714285714286,122.69723865877712,0
166.43686868686868,47.29798674141255,61,210,0.7272727272727273,122.33122629582806,0
169.54924242424244,52.73547575841601,58,221,0.7272727272727273,118.7850821744627,0
151.12703962703964,76.6594591170716,16,230,0.7878787878787878,124.56826137689615,0
160.01136363636363,67.26581990456539,30,229,0.7272727272727273,118.12768647281922,0
168.5877403846154,80.71072213163207,31,255,0.8125,126.00240673886883,0
206.36868686868686,31.70958701050356,128,236,0.7272727272727273,121.03666245259166,0
158.60328185328186,84.67007255306113,5,242,0.7567567567567568,124.66376811594203,0
80.89802631578948,95.98398541752101,0,255,0.8421052631578947,106.40329218106996,0
106.21381578947368,95.67337702977697,0,241,0.8421052631578947,115.88641975308641,0
83.29440789473684,81.67191366612059,1,216,0.8421052631578947,120.94238683127573,0
160.96188747731398,49.98464736414583,49,208,0.7631578947368421,119.05177111716621,0
155.5961887477314,54.620297178587926,43,209,0.7631578947368421,114.63215258855585,0
105.86388384754991,82.51943390187309,3,211,0.6551724137931034,131.72,1
177.72820512820513,62.28304271307679,14,225,0.5128205128205128,123.54428754813864,1
177.84615384615384,73.82782758711474,28,243,0.5128205128205128,123.8780487804878,1
199.7130647130647,28.11622420855096,97,223,0.5384615384615384,120.16259168704157,1
131.6886886886887,82.44090419729183,0,211,0.7297297297297297,115.16332665330661,1
119.49632352941177,92.9620283340126,0,228,0.7058823529411765,117.13987730061349,1
137.2469696969697,87.87039995235575,0,228,0.6060606060606061,128.948406676783,1
169.0206611570248,82.30217696663418,50,255,0.6666666666666666,122.51172413793104,1
215.64732142857142,50.39376814473447,77,255,0.4375,123.10514541387025,1
154.96041666666667,51.822578893371585,22,199,0.46875,125.57620041753654,1
151.5625,68.85884265217547,19,220,0.53125,131.98158379373848,1
149.158203125,55.26841791336387,27,200,0.5,127.74755381604696,1
137.53819444444446,76.26192028547969,0,211,0.5625,126.4295652173913,1
170.8014888337469,31.44557388393594,85,202,0.41935483870967744,134.33582089552237,1
99.86466165413533,90.58818785454444,3,229,0.5526315789473685,131.99247176913426,1
151.56860706860707,62.09447208526946,17,203,0.7027027027027027,116.93236212278876,1
125.06648199445983,91.27735281509382,9,236,0.5,132.05825242718447,1
118.37894736842105,107.32413315180656,0,255,0.5263157894736842,120.04611330698287,1
191.22556390977442,61.89675693781418,22,244,0.3684210526315789,121.48210922787194,1
177.97556390977442,63.69249850087143,29,236,0.3684210526315789,132.07344632768363,1
195.09351851851852,68.59660364817249,22,252,0.675,120.51714550509732,2
147.53482142857143,65.53198947545366,21,210,0.7,121.01429848078642,2
198.34134615384616,35.24152683372962,78,230,0.65,119.97401347449471,2
137.97200772200773,94.31907046971047,0,242,0.7567567567567568,119.943961352657,2
104.56318082788671,90.114849471821,0,232,0.7941176470588235,114.44601962922573,2
123.41287878787878,84.22146422472733,0,231,0.7272727272727273,123.9329962073325,2
128.19764705882352,97.44926158108619,1,255,0.7352941176470589,123.60895170789163,2
173.50142045454547,44.93663465754801,55,216,0.6875,123.8022759601707,2
186.0213068181818,51.59948302349769,64,237,0.6875,123.8022759601707,2
132.2649456521739,67.91924288301065,7,209,0.71875,120.15374149659864,2
180.34375,75.55261197898184,27,255,0.6875,120.5149359886202,2
130.19495091164094,76.11409002947103,0,220,0.7419354838709677,124.74297752808988,2
210.21875,30.40316951601129,119,240,0.6875,119.43385490753911,2
81.83508771929824,82.30739876620432,0,213,0.7894736842105263,112.59701492537313,2
178.94094094094095,88.02991981308294,1,255,0.7297297297297297,112.34368737474949,2
120.96098003629764,64.42167209079716,40,208,0.7631578947368421,116.01544050862852,2
96.24473684210527,90.81596350138634,0,227,0.7894736842105263,111.02633889376646,2
169.85282651072126,44.22306094891159,58,208,0.7105263157894737,113.13268292682926,2
153.60136452241716,62.517178598929405,16,209,0.7105263157894737,119.37463414634146,2
136.1954887218045,79.91142499236278,6,223,0.7368421052631579,118.00282220131703,2
148.0872420262664,47.350187235430795,35,190,0.6341463414634146,124.9943661971831,3
161.6991869918699,81.16247118736375,3,237,0.6585365853658537,124.52983725135624,3
193.3170731707317,33.25546167204588,79,223,0.6341463414634146,123.07136150234741,3
111.73552123552123,69.6057675018095,7,193,0.7567567567567568,124.6608695652174,3
118.80689655172414,87.96515292874489,0,221,0.8285714285714286,125.72978303747534,3
129.95361990950227,79.8775724588503,0,216,0.7647058823529411,127.8629671574179,3
139.06020408163266,87.49519781550687,6,233,0.8,128.12870275791624,3
181.9920948616601,42.282785263078985,73,220,0.696969696969697,122.2598944591029,3
158.30429292929293,49.046484668510494,38,202,0.7272727272727273,125.24905183312264,3
154.79757575757577,63.78495305749853,33,217,0.7575757575757576,127.07160194174757,3
142.7449494949495,60.87732406736937,8,201,0.7272727272727273,126.86978508217446,3
181.175,77.73375634175927,36,255,0.78125,125.28035043804756,3
180.40974967061925,27.390398860544305,101,206,0.696969696969697,120.5712401055409,3
97.79122807017544,91.7149202132342,0,230,0.7894736842105263,112.37576821773486,3
150.1216216216216,69.97778657250142,15,219,0.7567567567567568,126.14782608695653,3
92.41833030852995,71.98486273202084,0,182,0.7631578947368421,118.58764759309719,3
96.4491833030853,64.40714312512164,21,191,0.7631578947368421,122.77384196185287,3
193.92004048582996,57.565564478805754,54,243,0.6842105263157895,123.72036474164133,3
191.49392712550608,74.39988629379148,23,255,0.6842105263157895,129.9483282674772,3
149.7640977443609,88.99099065520598,0,239,0.7368421052631579,124.26904985888993,3
175.631299734748,65.85732812331106,9,230,0.7435897435897436,120.0646017699115,4
153.38717948717948,82.21239746639743,0,230,0.7692307692307693,116.28314798973481,4
213.76746242263485,42.05082860327562,65,247,0.7435897435897436,115.31061946902655,4
109.8256320836966,63.59162380082579,8,175,0.8378378378378378,117.72687609075044,4
113.10606060606061,87.87238142792368,0,219,0.9090909090909091,117.77047522750253,4
153.21540178571428,83.17926147526624,16,240,0.875,125.27932960893855,4
117.40961337513062,81.99019636808708,0,207,0.8787878787878788,121.8357740585774,4
154.875,45.405156009029426,28,194,0.7741935483870968,120.93808882907133,4
168.09139784946237,57.20475609205403,24,221,0.7741935483870968,120.24629878869449,4
158.06327543424317,85.69609710047571,0,242,0.8387096774193549,124.02608695652174,4
145.4516129032258,66.2395256283064,3,209,0.8064516129032258,127.33333333333333,4
149.45533498759306,82.00779098178175,0,232,0.8387096774193549,119.88074534161491,4
220.11079943899017,39.1813177646342,93,254,0.7419354838709677,115.77668539325843,4
112.04566563467492,82.84351648890414,8,209,0.8947368421052632,117.78776142525174,4
167.18639328984156,80.9205697168591,0,238,0.7837837837837838,121.07369402985074,4
139.38755980861245,91.29131930697369,7,232,0.868421052631579,118.70151636073423,4
110.3560371517028,86.54288215196497,0,206,0.8947368421052632,111.04337722695585,4
170.90662139219015,47.35239534544934,22,207,0.8157894736842105,115.71112999150382,4
182.97198641765704,58.94563173355941,23,228,0.8157894736842105,115.71197960917587,4
160.0534539473684,86.10010585476552,0,234,0.8421052631578947,116.09300411522634,4
161.916,53.69421704429631,34,212,0.625,118.90590590590591,5
144.475,75.1396924068764,12,226,0.625,124.53653653653653,5
201.22604166666667,38.88602401246833,78,236,0.6,113.4504692387904,5
120.51470588235294,81.66826596720396,13,229,0.8235294117647058,123.82965299684543,5
132.8350419384902,86.71925437647326,9,236,0.7837837837837838,117.97014925373135,5
133.6853146853147,53.90576075970723,49,200,0.7878787878787878,122.47724620770128,5
117.23093681917211,72.26275163491934,14,209,0.7941176470588235,119.48527808069792,5
193.2513586956522,51.862413332125286,75,246,0.71875,119.45986394557823,5
147.40494791666666,50.859066162630114,32,197,0.75,121.82398956975229,5
138.1575,65.6571031477174,22,211,0.78125,120.15018773466834,5
171.97005208333334,71.72375673516844,31,248,0.75,122.15906127770535,5
116.19625,64.14836502934038,5,192,0.78125,123.99374217772215,5
185.18478260869566,32.63806105301856,95,218,0.71875,118.0734693877551,5
83.65701754385965,85.58440429056934,0,220,0.7894736842105263,101.1387181738367,5
116.02722323049002,77.41430003912238,17,219,0.7631578947368421,112.30608537693007,5
159.9069069069069,76.74532029074393,18,239,0.7297297297297297,115.93987975951904,5
95.07531760435572,91.01459142225153,0,233,0.7631578947368421,105.33333333333333,5
186.93117408906883,58.84352165125674,42,237,0.6842105263157895,115.67983789260386,5
188.0185185185185,58.27452882431612,58,241,0.7105263157894737,114.6390243902439,5
140.37687969924812,70.98792568649434,24,218,0.7368421052631579,117.75917215428034,5
160.1688555347092,60.693410366506974,15,214,0.6341463414634146,119.46666666666667,6
152.22212543554008,83.13368373344393,0,233,0.6829268292682927,120.29904097646033,6
190.97467166979362,32.05047491013776,97,221,0.6341463414634146,118.74460093896714,6
123.62003968253968,93.58752309663669,0,230,0.7777777777777778,115.67229394240317,6
127.5019305019305,97.76217594993584,0,249,0.7567567567567568,117.73816425120773,6
155.07783783783785,79.92906582021726,26,237,0.6756756756756757,116.64177489177489,6
136.72572572572574,95.7548946461618,0,238,0.7297297297297297,113.12024048096193,6
192.54935064935066,42.82362839518614,72,229,0.6285714285714286,121.1781534460338,6
182.84526854219948,55.64511543231085,33,232,0.6764705882352942,123.56722151088348,6
141.22738095238094,58.43636720560416,28,199,0.6857142857142857,115.33373063170441,6
163.95833333333334,71.94577605711343,4,227,0.6857142857142857,118.38736591179976,6
161.18690476190477,87.08826704606177,4,244,0.6857142857142857,115.94755661501787,6
181.7192513368984,34.83408042130282,61,212,0.6470588235294118,116.52342704149933,6
94.09808612440192,69.55686196040521,23,209,0.868421052631579,116.86113328012769,6
111.20065789473684,99.15056599137134,0,248,0.8421052631578947,112.30205761316873,6
145.03703703703704,67.25346577157134,22,215,0.7297297297297297,123.38476953907815,6
102.08223684210526,85.1899183264676,10,234,0.8421052631578947,120.10041152263375,6
186.1978221415608,57.5032144195276,40,240,0.7631578947368421,114.39600363306086,6
155.1197822141561,67.44369291436496,8,221,0.7631578947368421,117.42143505903724,6
133.91171477079797,70.12583171435487,25,214,0.8157894736842105,120.71028037383178,6
193.12728937728937,58.16025059948918,23,235,0.717948717948718,114.50229147571035,7
163.37637362637363,71.91324590296257,0,220,0.717948717948718,122.01833180568286,7
183.65716999050332,21.318532044098692,108,201,0.6923076923076923,117.04847908745248,7
130.25701459034792,96.30452392520856,0,237,0.8181818181818182,113.32696629213483,7
130.62062062062063,72.92853890626233,2,196,0.7297297297297297,119.79158316633267,7
155.5075,77.91788911251382,19,231,0.78125,116.63078848560701,7
154.6107226107226,100.87353885304398,0,255,0.7878787878787878,117.098016336056,7
201.2492668621701,50.973537275679234,58,242,0.7096774193548387,119.54772393538913,7
191.82468443197757,55.661533316102386,43,235,0.7419354838709677,116.49438202247191,7
172.01075268817203,83.38964694560728,1,244,0.7741935483870968,119.90040376850605,7
149.38148667601683,60.795615979558704,6,200,0.7419354838709677,117.93258426966293,7
168.71774193548387,85.51737487583347,2,244,0.7741935483870968,126.79811574697173,7
199.54985337243403,33.105598506463664,96,226,0.7096774193548387,118.79001468428781,7
100.28070175438596,84.75103981889977,0,201,0.7894736842105263,109.00702370500439,7
147.55535390199637,102.51884924030873,0,249,0.7631578947368421,115.32788374205268,7
170.26026026026025,67.37742982915506,9,222,0.7297297297297297,121.07214428857715,7
141.75964912280702,72.0523332216515,41,220,0.7894736842105263,120.91571553994733,7
172.20077972709552,45.645774016351936,27,205,0.7105263157894737,118.8848780487805,7
157.54775828460038,48.132413201788815,26,193,0.7105263157894737,118.38341463414635,7
181.45281306715063,70.40706792936135,38,239,0.7631578947368421,118.34695731153496,7
177.4308943089431,70.48639546232076,28,245,0.6585365853658537,117.81555153707052,8
138.72719060523937,82.16881520942303,3,230,0.6585365853658537,122.90235081374323,8
174.71763602251409,35.05613306835438,74,210,0.6341463414634146,124.99530516431925,8
103.26836734693877,90.19315112346027,0,229,0.8,116.10112359550561,8
117.22553588070829,91.01977612666415,0,233,0.7837837837837838,122.26865671641791,8
142.5,65.73372956568325,44,223,0.7941176470588235,120.31842966194111,8
114.27830687830688,76.62284327417674,12,215,0.7714285714285715,121.21822033898304,8
168.7364953886693,49.23878120488432,65,220,0.696969696969697,120.22955145118733,8
159.61363636363637,60.623546246521514,29,221,0.7272727272727273,121.6890012642225,8
123.04363636363637,69.31276876629289,11,204,0.7575757575757576,124.27669902912622,8
147.67171717171718,66.79860662129317,26,223,0.7272727272727273,123.95575221238938,8
120.71125,75.68916945929253,0,212,0.78125,128.1602002503129,8
202.40447957839262,40.90905148946098,96,245,0.696969696969697,121.23746701846966,8
94.72647527910686,92.24458327056259,10,255,0.868421052631579,120.13328012769354,8
109.34928229665071,72.06024312917476,25,216,0.868421052631579,120.33439744612929,8
155.61861861861863,82.51423084526499,13,247,0.7297297297297297,121.84869739478958,8
75.71929824561404,58.9999945461467,13,173,0.868421052631579,119.92657621707902,8
194.59255898366607,65.26233574824994,61,255,0.7631578947368421,114.39782016348774,8
151.5679117147708,65.64344617986715,22,217,0.8157894736842105,122.23874256584537,8
139.83786078098473,66.5852660109811,43,224,0.8157894736842105,121.3678844519966,8
164.57598499061913,57.504403495759796,33,218,0.6341463414634146,122.11267605633803,9
152.39385727190606,83.38440862013681,5,238,0.6585365853658537,126.15370705244123,9
148.98341463414633,27.876429733409857,62,176,0.6097560975609756,120.9970703125,9
137.90926640926642,108.12586273471273,0,255,0.7567567567567568,114.76521739130435,9
128.07900207900207,80.2618246405989,0,207,0.7027027027027027,124.40374609781477,9
128.22683397683397,96.56454867010184,0,251,0.7567567567567568,126.89082125603865,9
133.17017017017017,88.53871568554808,1,227,0.7297297297297297,123.6372745490982,9
180.97012987012988,44.99276006675621,49,222,0.6285714285714286,121.50845253576072,9
180.3726708074534,58.80372868937496,22,230,0.6571428571428571,120.67786069651741,9
126.68571428571428,60.30428150095928,9,184,0.7142857142857143,123.31350114416476,9
164.20714285714286,51.61759525060986,51,211,0.6857142857142857,119.61144219308702,9
163.88,81.85952008515216,10,240,0.7142857142857143,123.31464530892448,9
194.26604278074868,33.63169615027903,78,223,0.6470588235294118,124.06425702811245,9
82.26780185758514,79.73941373372712,0,205,0.8947368421052632,119.77459333849728,9
95.51315789473684,84.67828916444388,0,212,0.8421052631578947,118.20082304526748,9
90.04276315789474,90.44888866528991,0,231,0.8421052631578947,111.03950617283951,9
149.02302302302303,62.54393827290664,35,217,0.7297297297297297,122.3567134268537,9
194.1470054446461,56.520864762179464,44,247,0.7631578947368421,119.51589464123523,9
171.92377495462796,72.90603552185362,15,242,0.7631578947368421,121.83923705722071,9
136.1315789473684,75.80610228155093,22,225,0.7894736842105263,121.60140474100088,9
129.01344537815126,67.57592545851479,46,213,0.9714285714285714,117.33389402859545,A
174.80388080388082,48.01790999220038,46,212,0.9487179487179487,116.80859916782246,A
182.17948717948718,83.9887220772781,9,252,0.9743589743589743,119.26130992572585,A
233.0811965811966,34.767304855097436,118,255,0.9230769230769231,105.09337134711333,A
107.18337218337219,81.50895634460029,11,215,1.1818181818181819,120.4253499222395,A
126.42314189189189,71.21626160614963,16,204,1.15625,121.18089602704987,A
135.71877282688092,87.96835512245215,0,221,1.0,116.95394736842105,A
106.92822966507177,65.75214164812942,19,187,1.1515151515151516,119.10614525139665,A
188.1593927893738,47.479739232455344,54,227,1.096774193548387,120.08736942070276,A
141.780834914611,51.19351955905859,16,186,1.096774193548387,117.65337132003799,A
146.07347670250897,81.81252048424021,0,225,1.1612903225806452,119.15515695067265,A
170.9778801843318,79.54661543298236,3,241,1.1290322580645162,118.78413284132841,A
137.09408602150538,80.83630479500015,0,218,1.1612903225806452,116.3982062780269,A
205.4652981427175,39.589419161741844,70,237,1.064516129032258,119.97358121330724,A
110.36184210526316,101.58470987711279,0,238,1.0526315789473684,107.52073732718894,A
129.55470914127423,100.58186904641948,0,239,1.0,111.58627858627858,A
84.8601108033241,74.96873652358963,0,178,1.0,109.45530145530145,A
139.65230094959824,65.09697488902215,0,194,1.0,124.63230994152046,A
188.29398496240603,41.83596729260655,60,220,0.9210526315789473,118.65462753950338,A
157.6563909774436,58.461991834272936,8,203,0.9210526315789473,116.52972159518436,A
160.55128205128204,53.88720352258549,42,214,0.8205128205128205,119.27586206896552,B
137.13908313908314,68.4592909514427,24,213,0.8461538461538461,120.83592534992223,B
206.83126550868485,39.93687718067592,91,244,0.7948717948717948,124.18377483443709,B
91.5427807486631,89.48213280524874,4,244,1.0303030303030303,113.9536128456735,B
104.94254032258064,83.47264935486926,1,225,0.96875,115.73158425832493,B
114.50953895071542,79.43004634236087,17,231,0.918918918918919,117.1073985680191,B
83.73737373737374,80.06558886662313,0,206,1.0,109.8841911764706,B
189.16236559139784,46.49174377849542,78,237,0.967741935483871,120.15392895586652,B
152.6829810901001,58.02696478796333,27,217,0.9354838709677419,123.15144766146993,B
124.76451612903226,76.9197838627817,8,221,0.967741935483871,123.17868675995695,B
145.09032258064516,79.6640689699075,1,232,0.967741935483871,125.3810548977395,B
117.45161290322581,83.46984725410937,0,226,0.967741935483871,122.6275565123789,B
190.2313681868743,34.200935324998134,100,225,0.9354838709677419,124.29732739420935,B
76.38038277511961,93.7529821212733,0,255,0.868421052631579,100.72705506783718,B
85.328125,79.18283347341841,3,220,0.8421052631578947,116.93415637860082,B
76.2310855263158,49.43561456720673,29,172,0.8421052631578947,114.40987654320988,B
127.62522522522522,80.2559985897251,1,224,0.8108108108108109,116.11812443642921,B
158.8312159709619,50.47180850608899,44,213,0.7631578947368421,116.72025431425976,B
158.47549909255898,74.84033117932067,11,239,0.7631578947368421,116.95640326975477,B
94.31491228070175,72.04987275206527,0,193,0.7894736842105263,117.09833187006146,B
202.53201219512195,55.78687842573428,58,246,0.7804878048780488,119.11289092295958,C
165.72103658536585,75.84765850943927,2,228,0.7804878048780488,121.26392067124333,C
206.04091266719118,32.64878636962433,118,232,0.7560975609756098,121.9503937007874,C
112.97528957528958,85.83377672707142,0,211,1.0571428571428572,117.31916537867079,C
151.41176470588235,71.61928371121816,28,223,1.0,123.67445887445888,C
130.86609686609685,76.71683060737558,2,204,0.9230769230769231,117.14611546685674,C
130.115873015873,88.45924127582707,0,222,1.0285714285714285,116.5099285146942,C
182.78787878787878,46.04465558152945,38,219,0.9696969696969697,117.44454976303318,C
197.92613636363637,49.96612714975058,58,240,0.9696969696969697,119.14218009478672,C
170.1763085399449,74.13962052907324,19,236,1.0,120.9375,C
148.98674242424244,60.772534590885066,7,201,0.9696969696969697,124.23601895734598,C
145.60416666666666,60.06948739561727,27,202,1.03125,122.05402843601895,C
229.60132575757575,34.24752753384922,106,255,0.9696969696969697,121.81611374407584,C
129.45112781954887,91.82325832491851,21,249,0.7368421052631579,118.96425211665098,C
105.50845864661655,74.33768918734597,1,190,0.7368421052631579,118.48165569143933,C
109.37687969924812,92.8530544926207,0,223,0.7368421052631579,111.73847601128881,C
191.06623931623932,86.20098772472191,3,255,0.9230769230769231,113.49465431218817,C
210.43473684210525,53.25441868184531,75,251,0.6578947368421053,114.63013698630137,C
173.3621052631579,55.42985549122778,40,218,0.6578947368421053,115.99051633298208,C
103.69883040935673,52.345865249974715,7,154,0.7105263157894737,117.8829268292683,C
168.16666666666666,61.52755190186508,20,221,0.8717948717948718,124.4233962264151,D
153.0102564102564,84.95949414704515,0,236,0.8974358974358975,121.05498533724341,D
197.63558663558663,29.042049333221367,105,227,0.8461538461538461,119.83670295489891,D
93.52743652743652,92.3737836937712,0,230,1.121212121212121,108.0688524590164,D
116.41428571428571,87.11139098175113,0,222,1.09375,119.88561215370866,D
127.86195286195286,71.04128927160258,40,228,1.0909090909090908,119.2687447346251,D
104.12123552123552,76.17228980660107,1,197,0.9459459459459459,115.93122102009274,D
183.5347018572825,45.10982057274931,64,224,1.064516129032258,116.72896281800391,D
136.1564027370479,50.54488027830382,20,184,1.064516129032258,122.9921722113503,D
160.74478178368122,64.37777164719111,53,231,1.096774193548387,121.07407407407408,D
166.99706744868035,73.02387155856704,25,239,1.064516129032258,118.48238747553816,D
153.73814041745732,96.39516691075636,0,255,1.096774193548387,121.31718898385564,D
203.7328629032258,37.12579705711873,100,237,1.032258064516129,120.64177598385469,D
74.292663476874,77.89759150809704,3,221,0.868421052631579,115.43335993615324,D
109.67105263157895,86.58325407221695,14,241,0.8421052631578947,117.15061728395062,D
92.27220394736842,78.92121581885841,17,232,0.8421052631578947,115.04444444444445,D
146.71597096188748,49.026328151376134,30,193,0.7631578947368421,114.39600363306086,D
135.05323505323506,68.59982318466777,14,205,0.8918918918918919,114.7827868852459,D
151.2223230490018,66.75250582144402,17,217,0.7631578947368421,109.98365122615805,D
123.95175438596492,68.36900874351808,23,207,0.7894736842105263,115.74802458296752,D
141.68320926385442,53.84279777968882,9,192,0.7948717948717948,120.36754966887418,E
151.50721153846155,78.24887325669572,11,231,0.8205128205128205,117.62870890136327,E
187.6905982905983,36.762741225010565,70,221,0.7692307692307693,121.09153122326775,E
77.1744719926538,61.898513241641076,9,181,1.0,120.46691176470588,E
115.99479166666667,58.71804959186965,35,199,0.9375,127.05526590198123,E
104.5982404692082,87.89849004467465,1,243,0.9393939393939394,124.9774951076321,E
99.87162162162163,71.64020985201407,1,193,0.8648648648648649,109.70921386306001,E
163.77073732718895,48.96483004651399,36,213,0.9032258064516129,119.2791234140715,E
174.18663594470047,53.38931619785777,49,231,0.9032258064516129,118.08996539792388,E
152.9321468298109,82.05526543835344,18,255,0.9354838709677419,122.57015590200446,E
147.6162402669633,74.383193011255,3,229,0.9354838709677419,125.98663697104676,E
141.25917686318132,92.27582709859976,0,255,0.9354838709677419,123.41759465478842,E
194.53285543608123,38.3919350488188,84,234,0.8709677419354839,127.99162679425838,E
70.50453720508168,76.60601989604963,0,206,0.7631578947368421,95.78655767484105,E
108.34482758620689,74.75192466379201,22,217,0.7631578947368421,108.81562216167121,E
86.97462406015038,93.5947929017278,0,250,0.7368421052631579,97.99717779868297,E
185.49797570850203,47.58317877974143,63,228,0.6842105263157895,111.00607902735563,E
152.74019180470793,71.46948414563673,23,227,0.8378378378378378,109.90139616055846,E
195.50506072874495,63.90024943005335,51,255,0.6842105263157895,105.30192502532928,E
156.2270955165692,64.23441844833916,55,231,0.7105263157894737,113.12975609756097,E
158.54342431761788,54.546949524404845,17,203,0.7948717948717948,116.13493377483444,F
154.05208333333334,61.628849379068626,28,209,0.8205128205128205,116.81154771451483,F
193.75042735042734,33.1170821827045,78,220,0.7692307692307693,117.37639007698888,F
104.59375,90.96251266833772,0,226,0.9696969696969697,120.84454976303317,F
153.51770833333333,82.1643278421254,29,247,0.9375,116.6548488008342,F
144.01270772238513,91.9579615948716,22,255,0.9393939393939394,119.2358121330724,F
130.34948741845292,89.94550458566913,0,227,0.7837837837837838,107.23041044776119,F
172.93663594470047,50.567237656085226,30,216,0.9032258064516129,121.65397923875433,F
160.2926267281106,52.47579728287672,30,208,0.9032258064516129,113.9757785467128,F
146.03917050691246,74.30287895169404,15,223,0.9032258064516129,121.06228373702422,F
166.5241935483871,64.97062870555986,34,229,0.9032258064516129,120.17762399077277,F
138.6829810901001,81.09007508723681,0,223,0.9354838709677419,122.02115812917594,F
205.50298685782556,36.59584627788148,94,239,0.8709677419354839,118.81818181818181,F
92.80827067669173,70.43139684060806,13,193,0.7368421052631579,110.05456255879587,F
144.18233082706766,99.0025282003241,14,255,0.7368421052631579,109.81561618062088,F
107.87524366471735,99.22406580601844,0,243,0.7105263157894737,108.14829268292682,F
177.25263157894736,44.8391671881562,49,212,0.6578947368421053,110.87038988408851,F
167.01254826254825,69.20499204264233,30,230,0.7567567567567568,109.56714975845411,F
184.16315789473686,69.75296040143775,12,242,0.6578947368421053,103.85879873551106,F
156.66194331983806,83.49808531992787,12,238,0.6842105263157895,109.9726443768997,F
165.2141768292683,49.55943721744825,44,207,0.7804878048780488,121.07170099160946,G
140.0650406504065,56.76937092792795,27,194,0.8048780487804879,120.61612426035504,G
213.9598741148702,37.84357378438355,109,244,0.7560975609756098,118.7251968503937,G
103.40386100386101,86.99642641528945,0,215,1.0571428571428572,115.93044822256569,G
151.96134453781514,92.24371364725033,8,251,1.0294117647058822,124.6619007569386,G
122.40793650793651,90.25903780378898,0,228,1.0285714285714285,122.81254964257347,G
131.4102564102564,84.21074250530812,7,225,0.9487179487179487,119.65811373092926,G
198.08999081726355,54.21388432266788,44,243,1.0,120.46599264705883,G
152.31221303948575,46.36111943620364,33,193,1.0,124.23621323529412,G
156.41176470588235,84.36788005058467,0,240,1.0303030303030303,122.86351471900089,G
162.0137741046832,73.49841670045217,5,230,1.0,123.05422794117646,G
140.6378676470588,75.93147863958825,1,218,1.0625,124.3541858325667,G
198.65814393939394,35.4148518692183,76,229,0.9696969696969697,120.11184834123223,G
70.16694078947368,74.12839540805406,0,194,0.8421052631578947,110.82633744855967,G
119.18338815789474,91.05175881473805,9,243,0.8421052631578947,120.93827160493827,G
110.18585526315789,90.78243582978801,14,252,0.8421052631578947,123.25843621399177,G
204.72867513611615,63.58580148518487,41,255,0.7631578947368421,110.21162579473206,G
170.25641025641025,73.76555888220349,25,238,0.9487179487179487,120.8987517337032,G
176.43284936479128,72.57281549498005,21,243,0.7631578947368421,114.3969118982743,G
132.3657894736842,62.71707891423696,31,204,0.7894736842105263,123.16242317822652,G
178.27125506072875,66.08526653559545,20,235,0.9743589743589743,122.5455773126266,H
143.97041420118344,81.29532233583762,0,225,1.0,122.26184210526316,H
197.7199730094467,37.36782183244423,78,229,0.9743589743589743,119.9561107359892,H
71.54135954135954,68.62066293716079,2,191,1.121212121212121,117.91885245901639,H
125.49131944444444,84.80669355581655,12,239,1.125,118.9887054735013,H
105.41441441441441,88.89523187003404,2,236,1.121212121212121,121.70327868852459,H
160.563133640553,47.51720450343065,36,204,1.1290322580645162,120.19833948339483,H
136.06142506142507,91.29900832689545,14,247,0.8918918918918919,121.47950819672131,H
175.49400921658986,53.368670032792075,50,228,1.1290322580645162,117.13376383763837,H
126.80276497695853,81.66200878615984,0,222,1.1290322580645162,124.2149446494465,H
138.07188940092166,72.9294488484137,0,213,1.1290322580645162,124.6780442804428,H
129.0857142857143,66.5684847354487,26,209,1.1290322580645162,120.43634686346863,H
182.33870967741936,37.292908003122726,71,217,1.096774193548387,119.11870845204179,H
91.83823529411765,85.45820403643813,14,248,0.8947368421052632,122.14562354763748,H
96.30838815789474,75.0087240235348,12,206,0.8421052631578947,124.93333333333334,H
86.88197767145135,93.8563858160395,0,243,0.868421052631579,101.33200319233839,H
172.9701754385965,54.73216272733361,26,218,0.7894736842105263,115.52589991220368,H
140.55526315789473,56.74990933156875,10,191,0.7894736842105263,111.25021949078139,H
146.84375,78.47840388589744,3,223,0.8648648648648649,119.45308537616229,H
105.62054329371817,69.07276608263093,0,181,0.8157894736842105,126.1393372982158,H
181.72991452991454,70.0209410251246,22,244,0.38461538461538464,118.78082191780823,I
132.20361990950227,73.51011372236776,1,208,0.4358974358974359,128.75679758308158,I
205.55226824457594,30.909531568722734,116,236,0.3333333333333333,131.51185770750988,I
103.07814992025519,98.98691913850308,0,251,0.5757575757575758,115.71405750798722,I
123.28860294117646,69.55477752095396,26,212,0.53125,126.79189686924494,I
94.65656565656566,76.86149968391086,1,201,0.5454545454545454,123.45025295109612,I
187.06666666666666,59.26454149098093,42,239,0.4838709677419355,116.39870689655173,I
96.13022113022113,74.12891517195072,8,220,0.2972972972972973,124.82266009852216,I
177.69677419354838,55.376370978174904,57,231,0.4838709677419355,126.31681034482759,I
133.91271347248576,81.49576518746822,0,222,0.5483870967741935,118.75475285171103,I
136.4133064516129,68.816906918119,2,207,0.5161290322580645,122.03434343434344,I
129.4762808349146,82.41017712144954,0,220,0.5483870967741935,118.74524714828897,I
195.6267281105991,34.92379887704682,99,229,0.45161290322580644,111.71593533487298,I
100.77631578947368,84.28725533995268,21,254,0.42105263157894735,121.45304777594728,I
94.62955465587045,81.55720290167999,5,231,0.34210526315789475,123.57200811359026,I
79.54323308270676,83.71510052381583,0,236,0.3684210526315789,116.18079096045197,I
162.43859649122808,53.62950142031498,78,240,0.15789473684210525,128.48017621145374,I
118.48872180451127,51.17824028644736,41,193,0.18421052631578946,110.09056603773585,I
124.93093093093093,75.92266120677643,13,232,0.24324324324324326,125.67469879518072,I
102.9578947368421,77.19577514884493,0,216,0.2631578947368421,128.98944591029024,I
199.70431034482758,60.279890127925086,20,241,0.725,113.75668679896462,J
186.35166666666666,80.13139000347422,1,247,0.75,119.56880733944953,J
205.56428571428572,25.83597594559231,103,226,0.7,114.84361036639856,J
133.06984478935698,108.52212522211936,0,255,0.5365853658536586,109.1054384017758,J
139.10256410256412,89.63815553266656,0,232,0.48717948717948717,121.42162162162163,J
132.55,93.51852312064528,0,233,0.525,119.60548271752086,J
189.6313725490196,48.22099245974084,61,229,0.4411764705882353,128.24361493123772,J
152.46522556390977,95.38096700037468,0,242,0.7368421052631579,122.82314205079962,J
176.71428571428572,64.09458996346754,25,232,0.42857142857142855,128.9790076335878,J
145.77327327327328,77.2134124194356,4,218,0.4864864864864865,123.18646616541353,J
179.66820987654322,71.44904150930176,24,241,0.5,119.887171561051,J
155.5915915915916,70.54656751080755,30,223,0.4864864864864865,118.18496240601503,J
172.9112554112554,31.722257930473553,80,201,0.42424242424242425,121.06290672451193,J
122.55377574370709,96.73104313209588,5,243,0.6052631578947368,121.69415807560138,J
128.8573407202216,64.423549853712,42,206,0.5,121.79750346740639,J
115.58145363408521,72.98860251529048,23,205,0.5526315789473685,118.19949811794228,J
167.98872180451127,51.63495953067686,41,210,0.3684210526315789,127.76271186440678,J
138.22982456140352,53.565943831558805,16,183,0.39473684210526316,123.27768014059754,J
171.15473684210525,77.79977170636381,7,235,0.6578947368421053,125.16965226554268,J
165.61300309597524,87.75455895449082,12,249,0.4473684210526316,130.9720930232558,J
158.62891737891738,54.370351200917604,28,207,0.9230769230769231,117.32430506058446,K
167.235754985755,72.33125053669455,37,241,0.9230769230769231,118.77334283677833,K
185.8842490842491,36.23690579578012,69,216,0.8974358974358975,118.24046920821114,K
86.67087542087542,86.3521990633245,0,229,1.0909090909090908,109.76495366470093,K
94.45036764705883,70.26944806064147,0,186,1.0625,116.09935602575896,K
98.21212121212122,86.5690577391144,0,224,1.0606060606060606,111.79289428076257,K
190.7741935483871,51.522259113737846,61,238,1.0,116.78541666666666,K
128.35660660660662,64.66596783697503,28,198,0.972972972972973,117.51164537941398,K
176.92741935483872,67.83651759300975,19,241,1.032258064516129,116.50050454086781,K
141.7126099706745,88.28476047369519,0,242,1.064516129032258,118.97260273972603,K
138.36754643206257,71.51566625969774,3,213,1.064516129032258,117.4706457925636,K
119.1466275659824,77.47829138688961,0,211,1.064516129032258,119.97455968688845,K
222.61397849462367,39.51649197404827,105,255,0.967741935483871,114.34876210979547,K
95.50365497076024,77.94669410016125,14,216,0.9473684210526315,118.5340160936357,K
94.86687306501548,78.91801749061821,0,195,0.8947368421052632,112.8257164988381,K
113.66766917293234,95.67577261771036,7,248,0.9210526315789473,117.11136192626034,K
163.90701754385964,49.36681661129291,28,206,0.7894736842105263,116.86479367866549,K
171.57894736842104,60.00013080933725,23,223,0.7894736842105263,114.84547848990343,K
161.1283783783784,63.01883624516298,39,221,0.8648648648648649,117.5004226542688,K
137.53700657894737,79.83938613166772,3,220,0.8421052631578947,125.35637860082305,K
198.17771883289126,59.5793928149687,34,241,0.7435897435897436,122.1008849557522,L
181.1034188034188,73.82876055947087,24,240,0.7692307692307693,118.24893071000855,L
167.49542124542126,28.458584024438604,61,189,0.717948717948718,119.19248395967003,L
127.14848484848486,76.56761171912693,27,222,0.9090909090909091,121.39737108190091,L
148.94754464285714,78.89645207625766,19,230,0.875,121.84022346368715,L
110.21734587251828,71.99151517445954,8,196,0.8787878787878788,120.76778242677824,L
197.74069478908189,51.391249764632754,50,238,0.8387096774193549,115.74658385093167,L
193.4317617866005,57.07475993780564,43,241,0.8387096774193549,114.46335403726708,L
130.0848089468779,74.21204150141578,0,196,0.7837837837837838,114.84981343283582,L
137.71804062126643,74.82972672605186,0,210,0.8709677419354839,123.69377990430623,L
172.98566308243727,76.71941327140394,4,238,0.8709677419354839,123.38755980861244,L
154.33930704898447,76.98267145700528,15,230,0.8709677419354839,120.9401913875598,L
174.09935483870967,31.82251890189063,77,202,0.8064516129032258,117.73772609819122,L
107.98245614035088,93.45896767877018,0,220,0.7105263157894737,105.62829268292683,L
145.93927125506073,48.58148082995077,72,198,0.6842105263157895,114.37183383991895,L
137.82186234817814,108.22483086595635,0,255,0.6842105263157895,107.8774062816616,L
178.96929824561403,37.65280476305961,62,208,0.631578947368421,112.6827661909989,L
207.63377192982455,55.88274535022245,60,249,0.631578947368421,109.30845225027443,L
173.93157894736842,87.10117862899192,4,247,0.6578947368421053,118.94731296101159,L
168.1133056133056,63.27645058993141,26,217,0.7027027027027027,114.54422476586889,L
193.59030100334448,72.40206498483107,18,255,1.1794871794871795,115.92693809258226,M
140.86142935079104,74.83030011357259,14,222,1.205128205128205,123.1004366812227,M
210.9903133903134,39.01419739629774,72,247,1.1538461538461537,126.67730900798176,M
70.00329380764164,71.42958141512725,0,191,1.393939393939394,120.14897824653922,M
102.64462209302326,79.2764665850948,0,211,1.34375,123.056,M
110.78994490358127,94.67600592146958,4,255,1.3333333333333333,124.8986905582357,M
202.53989813242785,59.5986906396932,42,255,1.2258064516129032,118.74341546304163,M
164.10669975186104,56.449405205015296,33,221,1.2580645161290323,121.2044701986755,M
127.67082467082467,60.778198037621806,50,216,1.054054054054054,121.60332871012483,M
140.46697388632873,88.24559048211391,1,247,1.3548387096774193,120.22136817832437,M
151.59323367427223,67.39255633771566,22,225,1.3225806451612903,122.95905511811024,M
121.79800307219662,72.02836889276166,10,210,1.3548387096774193,121.7978478093774,M
187.11072362685266,40.010035119794324,58,225,1.1935483870967742,119.50349040139616,M
85.70275119617224,67.3740507888879,25,230,1.1578947368421053,121.32914422501496,M
90.75689223057644,93.83062673054856,0,248,1.105263157894737,109.61504702194357,M
73.89167686658507,75.70158925782184,4,220,1.131578947368421,118.19779546846296,M
169.08795013850417,47.609487682653295,46,216,1.0,121.69161469161469,M
159.35222672064776,69.77262153856806,11,229,1.0263157894736843,116.67116812964214,M
126.9546052631579,87.58794027389347,8,238,1.0526315789473684,124.20013166556946,M
145.38568298027758,82.1441941563203,5,238,1.0,126.3077485380117,M
163.62213225371121,47.25257595004777,48,207,0.9743589743589743,124.80418636056719,N
139.55621301775147,83.49550863993863,0,226,1.0,125.13618421052631,N
203.721322537112,32.84053305712724,93,233,0.9743589743589743,121.0,N
104.05263157894737,101.08081993210463,0,255,1.1515151515151516,109.51077414205906,N
147.32179054054055,91.38670063088705,18,255,1.15625,123.99577345731191,N
96.8976248976249,83.67585073363097,0,214,1.121212121212121,115.83114754098361,N
175.90599078341015,51.84313819528481,31,224,1.1290322580645162,124.69557195571956,N
182.47188940092167,68.92091502415337,10,246,1.1290322580645162,119.7370848708487,N
108.51842751842752,87.07470333099542,0,226,0.8918918918918919,125.88852459016394,N
140.59229390681003,84.82788548390141,0,234,1.1612903225806452,119.61973094170403,N
135.65714285714284,68.75734703695481,1,205,1.1290322580645162,123.51014760147602,N
137.9641577060932,87.23702194873509,0,236,1.1612903225806452,122.14798206278027,N
216.73529411764707,40.345509063262995,92,253,1.096774193548387,120.83000949667617,N
67.97136222910217,65.9554447859003,11,206,0.8947368421052632,120.95042602633617,N
81.19537480063796,83.46567704724629,0,215,0.868421052631579,113.59537110933759,N
89.17224880382776,65.39768415402817,28,215,0.868421052631579,117.8802873104549,N
155.47719298245613,51.41017039643837,22,203,0.7894736842105263,120.91395961369622,N
145.34824561403508,68.26692159927404,1,212,0.7894736842105263,119.78841088674275,N
122.69439728353142,92.95010246125034,0,241,0.8157894736842105,128.96346644010197,N
141.7339527027027,63.544935121899464,28,211,0.8648648648648649,122.69061707523245,N
175.7602787456446,57.88793412271223,33,222,0.8536585365853658,116.75174337517434,O
165.0487804878049,81.64121259121363,0,236,0.8780487804878049,120.45016949152543,O
213.49445676274945,37.229876665131485,114,244,0.8048780487804879,117.01701183431953,O
111.81052631578947,69.84860240275198,24,197,1.0857142857142856,118.46576373212942,O
129.08487394957984,86.91310461832482,0,223,1.0294117647058822,119.49369217830109,O
127.43397683397683,96.8690399039177,0,237,1.0571428571428572,116.92349304482225,O
183.66221033868092,50.22919819096885,52,224,1.0303030303030303,118.52007136485281,O
150.58288770053477,50.85666123895864,22,194,1.0303030303030303,120.35236396074933,O
120.60998650472335,85.45644127308688,0,212,0.9743589743589743,115.2930452397029,O
163.6051948051948,79.52726107693688,16,239,1.0606060606060606,121.33968804159446,O
159.9590017825312,61.723667692148396,29,216,1.0303030303030303,120.11953612845673,O
142.5080357142857,81.77740872811047,0,222,1.09375,125.59517426273459,O
198.96418732782368,34.68318640225515,103,229,1.0,118.58823529411765,O
99.21130030959752,79.88329972584621,24,239,0.8947368421052632,119.76994577846631,O
99.2314241486068,51.420365887484316,37,173,0.8947368421052632,121.94965143299768,O
83.83204334365325,72.1526189984292,9,198,0.8947368421052632,118.78079008520527,O
161.23938879456708,50.831861827755276,47,205,0.8157894736842105,118.32285471537809,O
167.29202037351442,69.84290852913725,24,231,0.8157894736842105,120.06287170773152,O
136.4090909090909,88.90007981817305,0,232,0.868421052631579,120.74221867517957,O
154.1268556005398,78.27066499062701,0,223,0.9743589743589743,120.65631330182309,O
173.61207609594706,60.30092076606214,21,223,0.7948717948717948,119.10099337748345,P
179.5990675990676,76.85572674936698,34,250,0.8461538461538461,117.8452566096423,P
180.1948717948718,29.151616178837568,88,205,0.7692307692307693,116.71941830624465,P
89.9880624426079,81.38284206943263,0,199,1.0,107.99816176470588,P
117.01041666666667,83.58764048286717,0,214,0.9375,118.79249217935349,P
135.3494318181818,86.32575757056358,22,243,0.9696969696969697,119.14691943127963,P
157.5610599078341,46.791770366078296,32,199,0.9032258064516129,116.33448673587083,P
184.3582949308756,55.88992607549303,53,235,0.9032258064516129,118.40138408304499,P
151.94771968854283,89.45469794389159,0,246,0.9354838709677419,121.73385300668151,P
151.94003378378378,76.73558684983159,41,240,0.8648648648648649,113.82586644125105,P
178.8464961067853,57.31047322168018,61,234,0.9354838709677419,118.87973273942093,P
164.03670745272524,89.6960371212396,15,255,0.9354838709677419,114.88752783964365,P
203.13500597371566,39.50318324703352,91,238,0.8709677419354839,120.95574162679426,P
98.11184210526316,68.47128185386858,27,202,0.8421052631578947,111.45679012345678,P
104.23344651952462,66.57411460410229,24,193,0.8157894736842105,112.01529311809685,P
117.15619694397283,86.78164380205459,25,244,0.8157894736842105,111.14698385726423,P
164.26785714285714,50.13441201000182,34,208,0.7368421052631579,115.11476952022578,P
146.22086466165413,60.79152945425619,10,201,0.7368421052631579,112.22577610536219,P
167.53508771929825,79.70681802096603,40,251,0.7894736842105263,115.07901668129938,P
163.89943609022558,67.42486935249339,36,229,0.7368421052631579,115.83631232361242,P
152.70683229813665,45.78993098276802,29,189,0.7608695652173914,119.16967060285891,Q
146.31038647342996,71.63274585407571,0,209,0.782608695652174,120.34138972809667,Q
193.56902356902356,31.17963782457228,91,220,0.7333333333333333,117.99191374663073,Q
121.8468899521531,98.0574933998351,0,234,0.8636363636363636,117.65828845002993,Q
122.21463414634147,69.3330692359318,12,195,0.8536585365853658,118.54253835425384,Q
121.61093651791326,82.01946761024253,5,210,0.8604651162790697,117.85786163522013,Q
208.00309597523218,49.045691620935756,77,247,0.8947368421052632,120.36638264910921,Q
182.82805429864254,60.86450344885336,24,232,0.8717948717948718,119.98415094339623,Q
139.53333333333333,74.70419190484753,0,208,0.8974358974358975,122.36730205278593,Q
155.60257787325457,104.83254486950338,0,255,0.7755102040816326,111.56206340677055,Q
182.94117647058823,81.76226164733218,7,253,0.8717948717948718,121.91018867924528,Q
159.06227106227107,77.72697452751683,17,232,0.8974358974358975,120.68401759530792,Q
194.41228070175438,34.934272424858385,89,224,0.868421052631579,119.11093375897845,Q
109.07133838383838,86.73183352257998,17,236,0.8181818181818182,123.54769425142135,Q
109.54418604651163,80.88617699575524,9,211,0.813953488372093,122.21010638297872,Q
125.10852713178295,87.85656683229067,27,243,0.8372093023255814,121.78991596638656,Q
208.78125,59.42105047326739,46,255,0.7272727272727273,110.98791755508174,Q
152.5731534090909,55.88433205320865,23,204,0.7272727272727273,120.62899786780383,Q
120.74398395721926,77.41984360006526,0,202,0.7727272727272727,123.11973244147157,Q
161.96280991735537,78.76583312666364,13,237,0.75,122.79186767746381,Q
150.30618401206635,48.62200441354588,38,196,0.8717948717948718,120.35849056603773,R
152.94725274725275,76.0737458006697,18,230,0.8974358974358975,121.04765395894428,R
220.75113122171945,33.79159213951979,113,253,0.8717948717948718,119.39622641509433,R
95.22727272727273,74.14643712514601,16,216,1.0909090909090908,120.11373209772536,R
119.3189338235294,80.40319084086576,9,223,1.0625,123.16835326586937,R
104.57575757575758,79.70071790109476,10,222,1.0606060606060606,120.0051993067591,R
189.4630593132154,59.00918761781846,42,244,1.0,117.32395833333334,R
173.43288241415192,66.03652003293371,22,237,1.0,120.51770833333333,R
123.73790322580645,78.39777769309816,0,215,1.032258064516129,121.14127144298688,R
108.6403903903904,84.7418919336608,0,214,0.972972972972973,113.8617580766341,R
137.68145161290323,65.11403875551039,13,204,1.032258064516129,120.1079717457114,R
145.74798387096774,60.9740409132449,50,222,1.032258064516129,123.72250252270435,R
192.47204301075269,33.79603229747411,97,225,0.967741935483871,120.96663078579117,R
72.71052631578948,88.14317011454156,0,243,0.868421052631579,103.56983240223464,R
86.64884868421052,85.72368524795387,0,220,0.8421052631578947,112.080658436214,R
90.0805422647528,81.92740428910005,10,229,0.868421052631579,117.67837190742219,R
144.13248638838476,48.96404711777623,23,191,0.7631578947368421,120.20708446866485,R
165.78947368421052,61.682807538413776,38,227,0.7631578947368421,114.62397820163488,R
126.13667232597624,86.31994713353984,0,229,0.8157894736842105,120.05862361937129,R
147.40018148820326,55.92776745392985,48,208,0.7631578947368421,116.71571298819255,R
110.38238238238239,69.94872947155378,10,194,0.7297297297297297,122.09418837675351,S
209.742,35.98874040585472,119,241,0.625,122.48948948948949,S
125.69918699186992,89.97475119719729,0,230,0.7317073170731707,121.22701383238405,S
154.9402859545837,55.804618010874265,25,204,0.7073170731707317,119.59511784511784,S
150.43170731707318,63.54782952172692,27,212,0.7317073170731707,120.39951179820993,S
183.16811846689896,33.720212731150575,100,213,0.6829268292682927,120.9694856146469,S
94.34571428571428,85.10557871991531,0,222,0.8571428571428571,114.69685414680649,S
143.28991596638656,66.16990150135348,44,223,0.8235294117647058,124.36803364879074,S
113.97931034482758,85.59261147108803,3,229,0.8285714285714286,123.71005917159763,S
162.8630303030303,48.692647972510585,31,210,0.7575757575757576,121.46966019417475,S
148.4278787878788,51.75564918705191,19,199,0.7575757575757576,121.78519417475728,S
130.21212121212122,68.35052152302977,12,209,0.7575757575757576,124.88956310679612,S
111.25716440422323,61.11316128178787,19,180,0.8717948717948718,120.94641509433963,S
153.11237373737373,58.1320879108124,39,216,0.7272727272727273,124.2819216182048,S
118.89783653846153,66.98247399314623,6,198,0.8125,123.83874849578821,S
197.51767676767676,39.8132596898049,74,238,0.7272727272727273,122.01264222503161,S
77.55432937181664,79.33921190541703,0,200,0.8157894736842105,99.83007646559048,S
104.67105263157895,91.29484547975677,0,228,0.7894736842105263,113.05706760316066,S
117.43972835314092,71.67802122869098,37,221,0.8157894736842105,118.53271028037383,S
189.74624060150376,59.13722957627579,43,240,0.7368421052631579,119.93320790216369,S
153.09259259259258,83.87981482719013,9,231,0.9230769230769231,117.68781183178902,T
209.98670465337133,33.79950119415298,78,235,0.6923076923076923,111.6967680608365,T
197.57051282051282,55.37115295191346,45,239,0.8205128205128205,114.96230954290297,T
161.36425339366517,70.39984416552397,6,217,0.8717948717948718,118.43924528301886,T
154.40102040816328,73.92040257821999,32,223,0.8,116.36772216547497,T
190.9863782051282,25.721087334665185,95,212,0.8205128205128205,114.34883720930233,T
144.6935064935065,79.71218519559531,37,237,1.0606060606060606,122.23223570190642,T
146.73046875,82.45575049931493,11,231,1.0,118.11827956989248,T
123.4416896235078,89.68978547852447,0,223,1.0,110.35477941176471,T
188.07007786429367,51.73962132650975,40,230,0.9354838709677419,115.17594654788418,T
172.98665183537264,41.15428308799991,66,210,0.9354838709677419,115.73719376391982,T
132.69462365591397,71.7197148486847,0,201,0.967741935483871,119.04305705059204,T
157.8976640711902,69.10463914517152,9,218,0.9354838709677419,121.15701559020044,T
137.42833742833741,66.34945198327365,14,195,0.8918918918918919,114.36229508196722,T
179.10926118626432,85.72503733806923,20,255,1.0,112.26979166666666,T
194.33704115684094,36.193812678806886,83,225,0.9354838709677419,114.88195991091314,T
126.28548644338117,100.33126867316689,0,234,0.868421052631579,107.0606544293695,T
158.8684210526316,83.40492019836958,27,236,0.8421052631578947,121.78106995884774,T
129.02302631578948,92.55367110805629,0,225,0.8421052631578947,118.83621399176955,T
201.16754385964913,40.19220269063727,61,229,0.7894736842105263,114.62598770851625,T
145.98353658536584,84.18083234225014,14,231,1.025,120.57962172056132,U
190.65462962962962,33.18637294036364,103,219,0.675,117.20481927710843,U
186.09932432432433,59.362038552976635,27,233,0.925,117.18120351588911,U
158.72628205128206,78.23567339331248,1,226,0.975,118.55740859525336,U
194.25833333333333,33.26824791666138,82,220,0.9,125.6004169562196,U
112.24673202614379,94.0015622129264,0,231,1.0588235294117647,113.03515944399018,U
135.42077922077922,73.4692650130469,17,213,1.0606060606060606,121.56932409012131,U
123.1774193548387,98.3656720606089,0,245,0.8611111111111112,117.78116591928251,U
111.16421568627452,63.735885228716484,18,185,1.0588235294117647,125.17579721995094,U
190.85557432432432,47.30309742880841,46,228,1.15625,119.45224006762469,U
183.82899305555554,50.086776362101546,48,225,1.125,117.65595134665509,U
152.6419642857143,80.40374362552235,0,227,1.09375,121.2520107238606,U
174.475,61.9060874285743,35,228,1.09375,123.3118856121537,U
158.2561919504644,93.56520466273375,21,255,0.8947368421052632,117.39116963594113,U
147.47410714285715,80.68607182595275,0,224,1.09375,118.27971403038427,U
203.01041666666666,35.76623896674612,84,232,1.125,120.3249348392702,U
92.5494417862839,93.60417711498033,4,255,0.868421052631579,122.17637669592978,U
116.7088285229202,103.80845921162108,0,255,0.8157894736842105,120.49702633814783,U
86.01116427432217,85.55565563004708,0,213,0.868421052631579,109.30646448523544,U
210.55807622504537,59.07213424767174,71,255,0.7631578947368421,118.1180744777475,U
162.04404996712688,75.79311979105282,32,233,1.0,118.06381578947368,V
180.8275,27.379056662894723,81,202,0.75,121.91242702251877,V
189.05405405405406,44.58783123495531,61,223,0.9487179487179487,117.70457697642163,V
157.5204435204435,64.620509280128,18,210,0.9487179487179487,116.63869625520111,V
181.11324786324786,26.073080964662495,83,203,0.9230769230769231,116.4119743406985,V
109.002457002457,84.12774008874716,0,203,1.121212121212121,109.53606557377049,V
152.25347222222223,71.21317265903757,28,219,1.125,118.77150304083406,V
127.66912366912366,79.37214891195254,4,210,1.121212121212121,120.65491803278688,V
189.3704789833822,50.513265763066094,36,227,1.064516129032258,120.22994129158512,V
173.68595825426945,55.04070472517061,17,215,1.096774193548387,117.91263057929724,V
116.65974025974026,73.09794933741392,3,191,0.9428571428571428,122.22703639514731,V
189.50138248847927,79.77856016301119,26,255,1.1290322580645162,124.93081180811808,V
169.57880184331796,69.2624110054503,5,225,1.1290322580645162,118.78966789667896,V
118.67342342342343,67.43886642802492,0,180,0.972972972972973,120.01652892561984,V
153.8516129032258,71.2795050699755,12,215,1.1290322580645162,118.31826568265683,V
201.95503421309874,34.28952017904726,88,228,1.064516129032258,117.72602739726027,V
107.62257617728532,82.8618869915535,9,210,1.0,117.97643797643798,V
142.61111111111111,86.97002034003856,20,234,0.9473684210526315,119.47915142648135,V
132.3216374269006,108.8020846555295,0,255,0.9473684210526315,116.85881492318947,V
220.42182662538698,58.549383144764896,25,255,0.8947368421052632,105.09759876065065,V
112.96832579185521,79.98779131492105,0,202,1.3076923076923077,120.01810865191148,W
226.6945652173913,43.11526730534051,69,255,1.15,110.94779771615008,W
167.6451282051282,63.237324375833076,9,220,1.2820512820512822,119.26731657260133,W
154.41391941391942,65.14728950662061,36,219,1.2564102564102564,119.95916230366493,W
203.21025641025642,32.6012096273286,91,232,1.2820512820512822,116.24320164186763,W
106.96527777777777,84.14105929939228,2,212,1.4545454545454546,120.481364497789,W
117.01497395833333,76.83729027511471,0,198,1.5,119.74723127035831,W
120.49810606060606,75.51832673716142,15,208,1.4545454545454546,119.0227416298168,W
201.05645161290323,57.638293594486456,31,247,1.5483870967741935,119.82111634162744,W
177.35013440860214,61.47519267556681,11,228,1.5483870967741935,119.65366509751176,W
145.5442690459849,71.26810668143528,12,216,1.5161290322580645,121.8489010989011,W
161.46122168840083,64.24535832721757,21,219,1.5161290322580645,121.84821428571429,W
126.5865889212828,80.73697673296729,11,218,1.4,116.9463243873979,W
154.5818759936407,67.91640915739471,57,232,1.3783783783783783,121.89236479321315,W
152.20452985586823,83.34450689260541,4,235,1.5161290322580645,119.03296703296704,W
184.0436827956989,30.6982600884565,85,210,1.5483870967741935,120.51244115669132,W
98.54965243296921,100.28703724065633,0,255,1.394736842105263,119.67014406358669,W
93.03624627606753,71.27568738166488,5,184,1.394736842105263,120.68753104818678,W
115.33068520357497,83.5762939086359,25,236,1.394736842105263,120.68604073522107,W
165.01918859649123,48.204996330997155,22,205,1.263157894736842,120.06472846955567,W
140.44399460188933,95.6820316563351,2,246,0.9743589743589743,119.95813639432815,X
182.18021978021977,69.02171270593132,11,240,0.8974358974358975,118.9816715542522,X
217.94871794871796,43.13747575595564,64,252,0.7692307692307693,116.05645851154833,X
140.92165242165242,74.87563944985371,2,212,0.9230769230769231,120.97220242337848,X
208.189010989011,39.46613733896129,76,240,0.8974358974358975,119.54838709677419,X
99.21548821548822,79.46502965812294,10,217,1.0909090909090908,117.52822240943556,X
133.3079044117647,94.74829198766118,0,245,1.0625,122.67985280588776,X
117.73506493506494,92.37661915290754,2,242,1.0606060606060606,121.11178509532063,X
171.13943808532778,48.631183446738675,34,214,1.0,119.45625,X
162.25182101977109,56.954159957233564,18,214,1.0,118.921875,X
139.26490713587486,61.695633022786026,32,206,1.064516129032258,120.97162426614481,X
159.2434017595308,68.76452227647556,12,227,1.064516129032258,119.47847358121331,X
125.45825426944971,71.34460604259917,3,201,1.096774193548387,122.52326685660019,X
158.3963963963964,80.03212897765323,27,236,0.972972972972973,123.08339594290007,X
223.15504682622267,34.255359501111016,108,255,1.0,121.33229166666666,X
98.9106648199446,92.23756466329257,0,221,1.0,108.74081774081775,X
143.90775510204082,93.13320973844358,9,246,1.0,119.42565359477125,X
142.8122332859175,82.94038214990181,28,235,0.9736842105263158,119.3423487544484,X
116.10526315789474,98.25056300191824,0,235,1.0,106.61884961884962,X
196.28250773993807,53.7559405938469,27,236,0.8947368421052632,118.57552285050349,X
142.66112266112265,80.81564147138808,7,219,0.9487179487179487,118.41192787794729,Y
198.02706552706553,51.41293480971343,48,235,0.9230769230769231,119.33000712758376,Y
204.08796296296296,35.067403925479034,71,229,0.675,115.77664504170528,Y
177.1403133903134,78.0586352690894,14,240,0.9230769230769231,117.87312900926585,Y
235.37108262108262,35.285523067458854,95,255,0.9230769230769231,101.63435495367071,Y
129.23587223587222,100.81986624167584,0,243,1.121212121212121,114.1483606557377,Y
152.75434027777777,74.98389571487104,20,224,1.125,120.7732406602954,Y
119.62981162981163,81.75790090909855,0,202,1.121212121212121,112.68360655737705,Y
180.1764705882353,46.12147948100415,36,214,1.096774193548387,120.10066476733144,Y
180.7941176470588,49.76390486343999,40,218,1.096774193548387,117.667616334283,Y
151.94746543778803,74.47048099521679,0,214,1.1290322580645162,120.67712177121771,Y
136.42314990512335,53.611003812058414,7,181,1.096774193548387,118.15479582146249,Y
159.77327188940092,81.75429201312082,0,230,1.1290322580645162,117.37730627306273,Y
153.54579579579578,82.35182437457085,0,220,0.972972972972973,112.9045830202855,Y
188.76185958254268,22.315004328339963,111,207,1.096774193548387,120.83000949667617,Y
102.98684210526316,77.0261168698994,0,182,1.0,108.04365904365905,Y
165.76766917293233,84.68518085812453,29,244,0.9210526315789473,116.34838224228743,Y
148.7156432748538,100.1173813465255,3,246,0.9473684210526315,117.60790051207023,Y
215.3213716108453,47.77189860205808,55,247,0.868421052631579,117.27613727055068,Y
136.24069264069263,82.90297404806269,0,211,0.9428571428571428,114.69237435008665,Y
122.28535980148884,77.85618303288675,7,211,0.7948717948717948,118.66804635761589,Z
173.3209549071618,61.927030541854904,24,228,0.7435897435897436,117.79203539823008,Z
225.77777777777777,39.24871626429407,107,255,0.675,108.66543095458758,Z
151.90804597701148,82.2791738847453,0,232,0.7435897435897436,121.19380530973451,Z
198.08488063660477,37.91861370959814,86,230,0.7435897435897436,115.3070796460177,Z
101.30009775171065,92.31088231160953,1,247,0.9393939393939394,118.72309197651663,Z
112.11853448275862,84.70201928092418,0,223,0.90625,122.05393743257821,Z
89.01044932079415,80.63709158116744,0,211,0.8787878787878788,113.25836820083683,Z
175.96176821983275,48.61413643324932,47,222,0.8709677419354839,115.127990430622,Z
171.17084826762246,56.79111959516065,38,227,0.8709677419354839,120.94377990430623,Z
103.89976958525345,63.79108218117582,0,178,0.9032258064516129,121.63552479815455,Z
171.44563918757467,83.76398242081893,6,255,0.8709677419354839,119.11483253588517,Z
151.25115207373273,72.10406944458794,34,240,0.9032258064516129,120.45905420991926,Z
131.19763513513513,87.03280560319867,0,223,0.8648648648648649,115.9847844463229,Z
215.85065710872163,36.7053613378504,110,251,0.8709677419354839,118.1866028708134,Z
124.96299342105263,66.9240617789058,52,221,0.8421052631578947,115.88559670781893,Z
114.35,89.36970987901688,5,230,0.7894736842105263,116.18525021949078,Z
106.53333333333333,91.8601899787061,7,240,0.7894736842105263,116.40913081650571,Z
190.43284936479128,58.120927590709805,28,236,0.7631578947368421,114.85376930063579,Z
188.72595281306715,67.94736965718319,25,244,0.7631578947368421,115.08083560399636,Z
